{
  "total_inputs": 300,
  "activations": 69,
  "activation_rate": 0.23,
  "ema_activation_rate": 0.2911614720926819,
  "avg_processing_time": 0.22247726675392926,
  "total_energy_spent": 1550.441905600732,
  "energy_remaining": 1.7110022435447023,
  "threshold": 0.5526075347595472,
  "baseline_energy_cost": 4500.0,
  "actual_energy_cost": 1550.441905600732,
  "estimated_energy_savings_pct": 65.54573543109484,
  "preset": "aggressive",
  "seed": 43
}