{
  "total_inputs": 300,
  "activations": 12,
  "activation_rate": 0.04,
  "ema_activation_rate": 0.059612701617072925,
  "avg_processing_time": 0.2339510122934977,
  "total_energy_spent": 427.32921435123507,
  "energy_remaining": 83.22097456982797,
  "threshold": 0.95,
  "baseline_energy_cost": 4500.0,
  "actual_energy_cost": 427.32921435123507,
  "estimated_energy_savings_pct": 90.50379523663923,
  "temperature": 0.1,
  "target_activation_rate": 0.15,
  "seed": 44
}
