{
  "total_inputs": 300,
  "activations": 12,
  "activation_rate": 0.04,
  "ema_activation_rate": 0.0315372528500518,
  "avg_processing_time": 0.2343799670537313,
  "total_energy_spent": 427.16740139485324,
  "energy_remaining": 72.80404268425998,
  "threshold": 0.95,
  "baseline_energy_cost": 4500.0,
  "actual_energy_cost": 427.16740139485324,
  "estimated_energy_savings_pct": 90.50739108011437,
  "temperature": 0.1,
  "target_activation_rate": 0.15,
  "seed": 42
}
