{
  "total_inputs": 300,
  "activations": 11,
  "activation_rate": 0.03666666666666667,
  "ema_activation_rate": 0.00016076172768409025,
  "avg_processing_time": 0.24758705225857822,
  "total_energy_spent": 415.43582553579256,
  "energy_remaining": 92.87815624062017,
  "threshold": 0.8672549935914343,
  "baseline_energy_cost": 4500.0,
  "actual_energy_cost": 415.43582553579256,
  "estimated_energy_savings_pct": 90.76809276587127,
  "temperature": 0.0,
  "target_activation_rate": 0.15,
  "seed": 44
}