{
  "total_inputs": 300,
  "activations": 7,
  "activation_rate": 0.023333333333333334,
  "ema_activation_rate": 9.57170313726995e-05,
  "avg_processing_time": 0.25451741899762836,
  "total_energy_spent": 331.9243510335712,
  "energy_remaining": 100.0,
  "threshold": 0.824520999351719,
  "baseline_energy_cost": 4500.0,
  "actual_energy_cost": 331.9243510335712,
  "estimated_energy_savings_pct": 92.62390331036508,
  "temperature": 0.05,
  "target_activation_rate": 0.15,
  "seed": 43
}