{
  "total_inputs": 300,
  "activations": 12,
  "activation_rate": 0.04,
  "ema_activation_rate": 0.00105379196716176,
  "avg_processing_time": 0.2543497284253438,
  "total_energy_spent": 442.0294768385136,
  "energy_remaining": 97.5508885772671,
  "threshold": 0.8427702784268534,
  "baseline_energy_cost": 4500.0,
  "actual_energy_cost": 442.0294768385136,
  "estimated_energy_savings_pct": 90.17712273692192,
  "temperature": 0.05,
  "target_activation_rate": 0.15,
  "seed": 44
}
