{
  "total_inputs": 300,
  "activations": 29,
  "activation_rate": 0.09666666666666666,
  "ema_activation_rate": 0.03986069154738948,
  "avg_processing_time": 0.23220980578455433,
  "total_energy_spent": 771.100816549162,
  "energy_remaining": 14.53988608578953,
  "threshold": 0.9,
  "baseline_energy_cost": 4500.0,
  "actual_energy_cost": 771.100816549162,
  "estimated_energy_savings_pct": 82.86442629890752,
  "temperature": 0.1,
  "target_activation_rate": 0.3,
  "seed": 42
}