{
  "total_inputs": 300,
  "activations": 24,
  "activation_rate": 0.08,
  "ema_activation_rate": 0.18799714413860133,
  "avg_processing_time": 0.23825408021608988,
  "total_energy_spent": 679.0736878838994,
  "energy_remaining": 0.0,
  "threshold": 0.9,
  "baseline_energy_cost": 4500.0,
  "actual_energy_cost": 679.0736878838994,
  "estimated_energy_savings_pct": 84.90947360258001,
  "temperature": 0.1,
  "target_activation_rate": 0.25,
  "seed": 43
}