{
  "total_inputs": 300,
  "activations": 6,
  "activation_rate": 0.02,
  "ema_activation_rate": 0.0003392996203276908,
  "avg_processing_time": 0.2583047151565552,
  "total_energy_spent": 311.5981643248542,
  "energy_remaining": 100.0,
  "threshold": 0.764745528238527,
  "baseline_energy_cost": 4500.0,
  "actual_energy_cost": 311.5981643248542,
  "estimated_energy_savings_pct": 93.07559634833657,
  "temperature": 0.0,
  "target_activation_rate": 0.3,
  "seed": 42
}
