{
  "total_inputs": 300,
  "activations": 16,
  "activation_rate": 0.05333333333333334,
  "ema_activation_rate": 0.10533485157619106,
  "avg_processing_time": 0.24815936386585236,
  "total_energy_spent": 521.6210289027102,
  "energy_remaining": 53.50883417653524,
  "threshold": 0.8438343576478826,
  "baseline_energy_cost": 4500.0,
  "actual_energy_cost": 521.6210289027102,
  "estimated_energy_savings_pct": 88.40842157993977,
  "temperature": 0.05,
  "target_activation_rate": 0.2,
  "seed": 44
}
