{
  "total_inputs": 300,
  "activations": 13,
  "activation_rate": 0.043333333333333335,
  "ema_activation_rate": 9.580662126021622e-05,
  "avg_processing_time": 0.25304607244638294,
  "total_energy_spent": 462.2969545969159,
  "energy_remaining": 73.66455357756729,
  "threshold": 0.8916676443222864,
  "baseline_energy_cost": 4500.0,
  "actual_energy_cost": 462.2969545969159,
  "estimated_energy_savings_pct": 89.72673434229075,
  "temperature": 0.05,
  "target_activation_rate": 0.2,
  "seed": 43
}