{
  "total_inputs": 300,
  "activations": 12,
  "activation_rate": 0.04,
  "ema_activation_rate": 0.03153732952700778,
  "avg_processing_time": 0.2551081379254659,
  "total_energy_spent": 442.38005254657537,
  "energy_remaining": 72.80404268425998,
  "threshold": 0.8578975050897205,
  "baseline_energy_cost": 4500.0,
  "actual_energy_cost": 442.38005254657537,
  "estimated_energy_savings_pct": 90.16933216563166,
  "temperature": 0.0,
  "target_activation_rate": 0.15,
  "seed": 42
}