{
  "total_inputs": 300,
  "activations": 30,
  "activation_rate": 0.1,
  "ema_activation_rate": 0.11003299466424506,
  "avg_processing_time": 0.23556758562723795,
  "total_energy_spent": 799.3652841391602,
  "energy_remaining": 2.6693456324266127,
  "threshold": 0.8632660877046732,
  "baseline_energy_cost": 4500.0,
  "actual_energy_cost": 799.3652841391602,
  "estimated_energy_savings_pct": 82.23632701912977,
  "preset": "tuned_v2",
  "seed": 44
}