{
  "total_inputs": 300,
  "activations": 29,
  "activation_rate": 0.09666666666666666,
  "ema_activation_rate": 0.03986069154738724,
  "avg_processing_time": 0.22945649048377728,
  "total_energy_spent": 763.9999341384668,
  "energy_remaining": 14.53988608578953,
  "threshold": 0.8996131322011343,
  "baseline_energy_cost": 4500.0,
  "actual_energy_cost": 763.9999341384668,
  "estimated_energy_savings_pct": 83.02222368581185,
  "preset": "tuned_v2",
  "seed": 42
}
