preset,seed,total_inputs,activations,activation_rate,ema_activation_rate,avg_processing_time,total_energy_spent,energy_remaining,threshold,baseline_energy_cost,actual_energy_cost,estimated_energy_savings_pct
tuned_v2,42,300,29,0.09666666666666666,0.03986069154738724,0.22819315976109997,763.9999341384668,14.53988608578953,0.8996131322011343,4500.0,763.9999341384668,83.02222368581185
tuned_v2,43,300,27,0.09,0.09782028218979984,0.23958129352993435,744.6118397708558,6.0407607166793715,0.9,4500.0,744.6118397708558,83.45307022731431
tuned_v2,44,300,30,0.1,0.11003299466424506,0.23556758562723795,799.3652841391602,2.6693456324266127,0.8632660877046732,4500.0,799.3652841391602,82.23632701912977
preset,seed,total_inputs,activations,activation_rate,ema_activation_rate,avg_processing_time,total_energy_spent,energy_remaining,threshold,baseline_energy_cost,actual_energy_cost,estimated_energy_savings_pct
aggressive,42,300,65,0.21666666666666667,0.08369670695793432,0.22427860406728892,1474.3555334916055,12.626939241091412,0.7961800977455422,4500.0,1474.3555334916055,67.23654370018654
aggressive,43,300,69,0.23,0.2911614720926819,0.22247726675392926,1550.441905600732,1.7110022435447023,0.5526075347595472,4500.0,1550.441905600732,65.54573543109484
aggressive,44,300,70,0.23333333333333334,0.17706553023224195,0.2142397744315011,1535.4835150134368,6.805182700385803,0.88,4500.0,1535.4835150134368,65.87814411081251

