preset,seed,total_inputs,activations,activation_rate,ema_activation_rate,avg_processing_time,total_energy_spent,energy_remaining,threshold,baseline_energy_cost,actual_energy_cost,estimated_energy_savings_pct
tuned_v2,42,300,29,0.09666666666666666,0.03986069154738724,0.22945649048377728,763.9999341384668,14.53988608578953,0.8996131322011343,4500.0,763.9999341384668,83.02222368581185
tuned_v2,43,300,27,0.09,0.09782028218979984,0.24087882041931152,744.6118397708558,6.0407607166793715,0.9,4500.0,744.6118397708558,83.45307022731431
tuned_v2,44,300,30,0.1,0.11003299466424506,0.2361655076344808,799.3652841391602,2.6693456324266127,0.8632660877046732,4500.0,799.3652841391602,82.23632701912977
