preset,seed,total_inputs,activations,activation_rate,ema_activation_rate,avg_processing_time,total_energy_spent,energy_remaining,threshold,baseline_energy_cost,actual_energy_cost,estimated_energy_savings_pct
aggressive,42,300,65,0.21666666666666667,0.08369670695793432,0.22427860406728892,1474.3555334916055,12.626939241091412,0.7961800977455422,4500.0,1474.3555334916055,67.23654370018654
aggressive,43,300,69,0.23,0.2911614720926819,0.22247726675392926,1550.441905600732,1.7110022435447023,0.5526075347595472,4500.0,1550.441905600732,65.54573543109484
aggressive,44,300,70,0.23333333333333334,0.17706553023224195,0.2142397744315011,1535.4835150134368,6.805182700385803,0.88,4500.0,1535.4835150134368,65.87814411081251
